{"bounds":{"east":107.857736178577,"north":34.1278480564871,"south":33.8496595699621,"west":107.343953677356},"contentType":"image/png","latLonBounds":{"east":107.857736178577,"north":34.1278480564871,"south":33.8496595699621,"west":107.343953677356},"maxzoom":14,"minzoom":0,"proj":3857,"tiletrans":"google","type":"image","ziped":false}